1,495272.24,2521840.50,12924,13126,.32,494870.46,2522373.47,495240.91,2522542.03
2,543874.25,2504682.61,31528,31508,.33,544039.73,2504214.07,543819.87,2504172.16
3,503428.96,2503023.36,16662,16618,.14,503442.25,2503002.20,503391.77,2502988.82
4,506684.27,2492140.97,19826,19820,.08,506501.64,2492113.14,506496.35,2492416.33
5,496016.64,2499935.58,13657,13296,.71,496557.20,2499790.01,495807.64,2499844.35
6,496077.56,2499319.37,13391,13505,.56,495939.72,2499384.22,496179.64,2499391.47
7,493149.44,2510351.94,11515,11758,.55,493070.36,2510508.52,493299.83,2510374.06
8,482733.98,2514795.04,3196,3313,.75,482633.91,2514872.47,482772.96,2514779.82
9,510453.78,2495393.49,21667,21659,.35,510227.36,2495274.44,510224.24,2495601.75
10,525866.23,2514556.53,27826,27914,.43,525733.11,2514529.29,525918.37,2514712.22
11,510944.55,2495242.68,22044,22039,.52,510721.92,2495148.74,510716.85,2495315.27
12,513770.16,2494492.33,24697,24618,.80,513949.91,2494594.65,513819.48,2494397.45
13,491678.67,2489880.53,9826,9945,.65,491541.58,2489738.03,491635.21,2489997.00
14,508145.46,2493603.83,20646,20721,.16,508106.93,2493634.32,508315.35,2493659.99
15,505735.79,2496674.37,18853,19074,.70,505575.10,2496608.38,505799.64,2496713.25
16,485170.55,2502623.54,5023,5084,.77,485102.28,2502559.65,485183.46,2502648.50
17,490663.01,2513773.25,9031,9103,.39,490623.21,2513675.85,490681.88,2513666.26
18,504625.92,2495988.19,17727,18366,.14,504452.61,2496241.17,505015.79,2496329.14
19,524921.43,2513646.18,27444,27457,.37,524852.88,2513663.00,524922.87,2513731.54
20,504796.29,2500410.54,18035,18226,.37,504623.34,2500639.50,504874.66,2500707.68
21,495460.71,2497408.44,13178,13167,.21,495380.92,2497320.62,495349.93,2497353.71
22,505725.98,2496965.40,18840,19016,.90,505561.56,2497046.88,505744.84,2497044.18
23,497223.02,2494876.82,13816,13815,.79,497160.36,2494909.69,497156.86,2494877.15
24,499740.72,2510716.79,14589,14550,.09,499701.65,2510552.09,499497.78,2511088.17
25,512196.69,2494257.21,23263,23443,.39,512103.29,2494319.73,512303.48,2494356.65
26,512498.76,2496086.29,23418,23354,.06,512268.27,2495988.73,512193.48,2496221.34
27,504545.54,2491937.71,17809,17895,.75,504504.69,2491855.70,504554.98,2491965.89
28,502225.98,2506777.52,15697,15731,.45,502211.20,2506821.66,502269.87,2506746.21
29,523994.32,2496188.94,27109,27001,.29,524002.84,2496258.32,523866.92,2496130.48
30,492142.86,2488583.61,10613,10476,.48,492236.08,2488521.41,492090.13,2488480.92
31,506901.14,2495186.44,20134,20146,.07,506953.67,2495209.88,506961.23,2494909.58
32,490395.12,2491182.16,8629,8831,.76,490126.69,2491040.29,490367.77,2491322.63
33,528161.10,2516988.20,28716,28630,.09,528184.44,2516963.75,527970.33,2516944.55
34,501955.05,2495249.50,15515,15612,.13,501924.26,2495305.81,502118.93,2495316.76
35,487607.61,2498172.85,6488,6688,.39,487574.61,2498325.11,487813.17,2498118.48
36,512120.96,2495022.94,23360,23182,.41,512203.27,2495128.46,512048.53,2494852.02
37,523448.86,2494221.63,26806,26809,1.00,523340.07,2494570.93,523344.40,2494569.17
38,486879.12,2497239.69,6072,6114,.30,486905.33,2497319.43,486974.72,2497268.29
39,500202.95,2493459.72,14705,14696,1.00,500261.06,2493155.24,500216.12,2493167.79
40,486119.81,2497114.07,5672,5600,.41,486200.14,2497158.67,486086.64,2496994.97
41,507975.81,2493135.68,20566,20589,.31,507916.10,2493122.56,507967.87,2493253.88
42,510175.56,2496657.24,21581,21612,.97,510157.45,2496854.02,510191.36,2496656.74
43,504926.87,2492317.36,18044,18027,.10,504639.73,2492259.39,504611.70,2492497.30
44,510562.35,2495063.22,21937,21916,.76,510599.88,2495026.80,510569.61,2495016.91
45,491083.40,2494100.51,9582,9359,.74,491275.78,2494008.52,491010.07,2494119.84
46,524729.95,2496406.91,27374,27476,.20,524611.75,2496467.00,524954.04,2496497.51
47,491712.81,2489961.20,8868,11949,.40,490434.68,2490074.36,493585.45,2490025.05
48,504623.62,2496654.99,18045,17711,.08,504640.60,2496648.50,504446.72,2496655.52
49,494689.27,2509234.37,13587,9737,.29,496413.36,2509744.04,491432.02,2506786.21
50,486929.44,2497333.67,6068,6196,.14,486897.42,2497346.01,487073.88,2497209.40
51,488417.83,2521248.05,7254,7247,.00,488402.58,2521045.45,488397.28,2520977.71
52,492171.92,2488586.48,10613,10476,.29,492236.08,2488521.41,492090.13,2488480.92
53,481591.62,2518018.20,2241,2395,.93,481458.19,2517935.63,481600.62,2517936.41
54,525848.97,2499392.77,27813,27885,.86,525705.66,2499234.77,525860.66,2499426.33
55,512780.20,2498211.76,24009,23837,.71,512927.02,2497987.60,512750.42,2497971.72
56,502697.56,2492312.78,16059,16084,.79,502675.95,2492489.60,502699.93,2492263.87
57,491907.53,2488030.01,10639,10048,.74,492260.50,2487712.98,491699.52,2487901.31
58,505881.51,2505043.44,19144,19487,.00,505887.12,2505151.29,506261.35,2505153.27
59,515067.93,2501382.47,25276,25228,.33,515104.67,2501316.87,514952.08,2501343.46
60,504980.85,2500434.31,18226,18398,.37,504874.66,2500707.68,505086.37,2500734.99
61,505469.64,2493262.69,18796,18789,.22,505502.10,2493308.76,505494.59,2493095.06
62,501459.26,2494512.23,15173,15259,.82,501412.81,2494729.09,501548.09,2494516.09
63,492246.53,2494323.26,10426,10438,.94,492034.47,2494271.95,492050.14,2494362.73
64,490770.91,2490903.00,9207,9087,.12,490792.80,2490857.50,490669.11,2490840.38
65,505306.59,2513445.29,18510,18684,.67,505206.57,2513383.42,505327.19,2513504.12
66,512181.06,2494353.44,23767,23261,.85,512663.29,2494432.44,512100.70,2494336.11
67,527295.39,2514955.93,28432,28365,.13,527315.71,2514932.41,527125.17,2515000.86
68,524376.89,2505711.91,27229,27354,.08,524375.91,2505640.88,524572.74,2505687.53
69,509737.82,2493942.75,21361,21422,.55,509672.96,2493974.68,509788.47,2493975.64
70,511097.75,2494997.08,22460,22475,.22,511303.28,2495083.76,511328.66,2494774.42
71,512725.30,2495491.07,23685,23794,.76,512583.48,2495533.15,512689.05,2495601.14
72,502846.41,2504800.63,16056,16208,.28,502675.04,2504711.89,502851.76,2505181.53
73,504529.96,2491420.95,17840,17747,.14,504524.99,2491389.91,504464.99,2491421.04
74,512901.36,2495738.21,23981,24085,.17,512878.15,2495726.22,513002.79,2495801.35
75,512667.02,2494453.30,23885,23767,.95,512820.75,2494461.12,512663.29,2494432.44
76,511955.79,2494547.43,23114,23126,.69,511998.88,2494596.36,512006.97,2494535.48
77,511233.74,2494529.16,22441,22436,1.00,511271.66,2494429.30,511261.56,2494430.72
78,494978.70,2494333.47,12791,12793,.35,494752.50,2494296.39,494753.25,2494411.11
79,538171.54,2516682.76,30829,30845,.19,538151.19,2516683.82,538223.76,2516728.21
80,482742.23,2519733.30,3206,3301,.45,482645.99,2519859.60,482760.53,2519894.68
81,491402.18,2494226.94,9902,9954,.81,491610.55,2494491.91,491639.71,2494190.23
82,505450.65,2493358.72,18802,18689,.32,505506.00,2493323.37,505340.99,2493319.19
83,510639.77,2495497.01,22022,22024,.42,510703.69,2495562.18,510705.66,2495411.37
84,500322.55,2509276.22,14728,14709,.21,500338.65,2509273.93,500283.60,2509311.53
85,512265.30,2493869.17,23403,23425,.32,512252.57,2493873.54,512281.04,2493848.13
86,510159.74,2495910.24,21633,21635,.41,510207.49,2495982.20,510208.65,2495811.23
87,511602.60,2494027.05,22773,22768,.35,511687.12,2494077.38,511685.38,2493933.21
88,507519.70,2492575.97,20459,20493,.11,507495.06,2492672.04,507711.05,2492673.72
89,482979.94,2510653.15,3388,3529,.27,482840.44,2510738.06,483016.64,2510854.90
90,505098.34,2496729.51,18360,18358,.73,505014.20,2496713.15,505013.99,2496734.41
91,502973.59,2493407.12,16236,16224,.53,502890.41,2493327.72,502869.64,2493445.15
92,500898.64,2515862.63,14974,14912,1.00,501057.17,2515232.33,500895.67,2515255.63
93,513468.32,2495383.50,24335,24373,.30,513348.76,2495288.13,513401.58,2495238.65
94,505723.04,2493598.61,19021,18797,.10,505749.84,2493558.21,505502.21,2493554.80
95,506526.57,2492604.35,19814,19842,.75,506495.50,2492473.91,506519.27,2492646.19
96,505125.31,2491355.19,18568,18543,.70,505258.49,2491516.38,505244.41,2491278.99
97,507752.19,2493568.37,20492,20519,.37,507710.95,2493584.15,507815.23,2493600.28
98,522612.70,2514451.08,26534,26535,.71,522734.54,2514513.68,522736.21,2514429.55
99,513084.45,2503321.46,24164,24111,.06,513123.38,2503219.93,513045.11,2503194.51
100,483047.07,2518677.44,3537,3830,.23,483026.00,2518749.11,483219.84,2518705.00
101,511767.04,2501824.73,22860,22816,.67,511776.28,2501620.21,511713.43,2501910.63
102,510806.76,2496458.87,22122,22004,.13,510838.12,2496450.83,510696.50,2496362.52
103,512349.54,2500356.73,23316,23270,.30,512145.18,2500183.24,512108.98,2500232.34
104,502918.77,2505922.01,16250,16259,.72,502908.40,2505931.60,502923.59,2505919.38
105,488103.36,2495755.81,6943,6880,.04,488111.86,2495754.41,488033.33,2495682.01
106,531626.92,2500342.58,29664,29686,.54,531553.72,2500387.51,531632.08,2500426.50
107,503185.83,2503524.25,16526,16548,.89,503311.87,2503614.14,503324.71,2503568.93
108,512900.97,2494686.01,24025,23896,.28,512947.75,2494668.46,512824.73,2494619.92
109,526099.73,2514177.76,28005,27984,.35,526140.24,2514176.47,526080.95,2514121.03
110,491860.74,2488210.07,10162,10361,.46,491791.88,2488312.89,491989.95,2488247.66
111,509905.83,2495905.54,21475,21503,.27,509884.04,2495979.26,509965.98,2495978.66
112,506941.46,2503182.91,20030,19999,.05,506829.99,2503144.72,506773.12,2503454.78
113,504443.30,2494157.11,17798,17804,.70,504500.35,2494246.84,504502.66,2494121.05
114,502769.78,2503838.44,16174,16062,.01,502827.81,2503727.41,502678.16,2503653.41
115,502180.28,2502428.46,15769,15434,.62,502307.61,2501889.54,501782.51,2502450.85
116,506959.34,2491389.77,20318,20349,.32,507213.71,2491459.67,507293.19,2491301.72
117,512487.60,2495427.51,23530,23617,.49,512405.61,2495411.22,512530.23,2495500.49
118,519176.79,2495896.21,25850,25781,.55,519644.59,2495670.41,518844.58,2495551.87
119,491517.77,2487945.92,10058,10036,.86,491711.10,2488037.95,491691.29,2487901.99
120,513601.88,2494945.93,24300,24440,.78,513310.25,2494798.61,513516.23,2494779.17
121,486796.11,2497077.45,6148,5973,.26,487027.56,2496989.27,486716.81,2496701.76
122,493117.43,2491434.93,11442,11478,.95,492981.90,2491255.99,493028.44,2491464.07
123,517036.05,2496487.18,25637,25642,.23,517017.37,2496576.52,517088.93,2496577.85
124,514273.49,2498224.88,24807,24765,.10,514106.75,2498155.85,514055.35,2498328.45
125,503805.22,2494257.35,17099,17017,.10,503852.21,2494057.31,503768.02,2494041.56
126,492052.37,2490780.02,10545,10532,.30,492159.15,2490787.65,492145.95,2490707.50
127,504581.94,2494627.75,17899,18195,.16,504555.69,2494586.46,504810.39,2494632.92
128,503484.14,2495992.45,16649,16793,.34,503429.87,2496019.09,503571.73,2496043.11
129,508901.34,2494717.56,21050,21021,.25,508914.19,2494628.51,508869.12,2494627.83
130,504580.34,2492248.30,18036,17967,.93,504629.66,2492261.18,504577.28,2492244.45
131,486214.33,2497862.46,5580,5770,.47,486048.04,2498015.19,486399.25,2497702.19
132,511825.54,2494648.40,23104,23102,.78,511990.94,2494726.12,511990.59,2494656.58
133,496966.27,2493788.59,13771,13727,.62,496949.08,2493561.45,496845.22,2493604.08
134,511846.05,2493891.46,22789,23027,.65,511696.56,2493863.91,511920.73,2493917.44
135,488414.33,2496971.07,7244,7389,.65,488393.99,2497192.25,488575.99,2497003.51
136,504195.32,2494789.60,17559,17558,.43,504268.46,2494849.24,504267.48,2494709.50
137,504504.07,2494098.25,17804,17805,.99,504502.66,2494121.05,504502.66,2494098.02
138,514096.21,2501977.58,24700,24681,.65,513952.46,2501858.07,513924.91,2501998.61
139,505478.12,2492215.34,18665,18662,.34,505305.50,2492155.68,505302.76,2492323.11
140,491399.06,2493965.73,9801,9604,.53,491513.32,2493962.77,491301.48,2493982.90
141,503826.90,2495370.14,17144,17001,.54,503910.33,2495385.05,503756.53,2495362.37
142,491977.49,2492592.07,10376,10333,.89,491996.02,2492490.79,491952.43,2492500.39
143,509260.89,2494763.00,21237,21238,.35,509363.59,2494809.84,509367.38,2494686.71
144,503876.30,2503175.98,16761,16733,.33,503537.05,2503031.43,503500.69,2503156.18
145,491428.40,2492894.26,9659,9674,.23,491348.84,2492864.56,491368.05,2493025.98
146,506231.81,2505883.15,19585,19512,.55,506349.44,2506084.97,506285.74,2505707.94
147,511023.28,2499352.11,22313,22310,.43,511063.03,2499363.67,511059.14,2499327.57
148,491495.40,2489602.23,9770,9786,.81,491477.62,2489564.93,491495.03,2489612.08
149,487392.14,2496405.08,6493,6395,.81,487576.92,2496466.23,487417.36,2496318.07
150,514476.15,2498978.37,25145,25023,.95,514716.74,2498642.46,514390.76,2498870.34
151,501290.35,2516431.12,15258,15190,.91,501547.45,2516252.66,501444.12,2516491.21
152,535492.96,2510464.91,30386,30404,.76,535312.71,2510453.85,535406.22,2510573.91
153,501966.04,2506415.89,15556,15527,.56,501997.15,2506437.42,501944.86,2506395.50
154,506336.30,2492063.89,19595,19485,.23,506359.60,2492044.41,506260.71,2492043.19
155,498074.33,2493675.72,14130,14100,.95,498197.27,2493541.65,498064.59,2493546.96
156,512929.93,2497487.67,24087,24141,.27,513006.96,2497342.02,513092.02,2497408.87
157,491555.14,2493233.56,10080,9686,.52,491735.02,2493095.17,491378.79,2493117.43
158,488078.10,2497311.99,7066,6916,.67,488218.84,2497334.47,488090.66,2497215.58
159,490118.07,2491204.55,8849,8638,.78,490404.45,2491387.04,490137.62,2491074.16
160,495845.39,2496597.96,13372,13373,.68,495911.69,2496823.22,495916.04,2496497.23
161,505469.64,2493262.69,18796,18789,.22,505502.10,2493308.76,505494.59,2493095.06
162,484739.26,2513065.60,4732,4737,.54,484674.58,2513092.38,484689.63,2513114.32
163,507098.10,2491351.94,20318,20349,.41,507213.71,2491459.67,507293.19,2491301.72
164,512144.24,2494412.65,23281,23336,.79,512118.09,2494481.64,512166.74,2494471.55
165,511183.94,2494998.50,22460,22475,.24,511303.28,2495083.76,511328.66,2494774.42
166,500894.20,2494867.04,14842,14925,.57,500782.37,2494750.75,500929.27,2494983.27
167,494484.23,2518292.33,12665,12638,.83,494512.95,2518754.19,494479.76,2518201.19
168,487928.01,2498197.81,6783,6867,.76,487924.36,2498354.98,488023.86,2498252.65
169,485669.63,2517867.22,5388,5447,.51,485634.89,2518108.94,485796.45,2518073.60
170,492369.17,2494324.88,10889,10764,.08,492509.72,2494298.76,492379.38,2494056.73
171,490426.45,2497334.32,8805,8773,.51,490319.46,2497184.09,490268.57,2497239.73
172,511113.91,2496703.96,22337,22336,.62,511077.91,2496659.54,511077.65,2496729.52
173,511088.58,2495010.94,22460,22475,.17,511303.28,2495083.76,511328.66,2494774.42
174,511095.48,2495274.47,22516,22456,.90,511387.02,2495473.43,511297.19,2495223.71
175,479675.05,2510345.69,1208,1118,.84,479830.62,2510217.15,479644.46,2510368.06
176,511232.87,2495490.38,22516,22456,.26,511387.02,2495473.43,511297.19,2495223.71
177,490744.93,2493563.06,9169,9173,.02,490761.45,2493566.73,490764.04,2493418.57
178,515214.93,2494172.62,25326,25292,.73,515364.53,2494420.24,515175.69,2494038.78
179,514089.94,2501963.43,24700,24681,.56,513952.46,2501858.07,513924.91,2501998.61
180,489088.72,2508804.71,8346,7770,.94,489792.90,2508352.77,488985.13,2508582.72
181,504515.95,2494868.60,17810,17858,.86,504505.28,2495424.55,504541.04,2494782.25
182,512771.57,2494648.39,23863,23750,.08,512802.06,2494611.23,512637.21,2494546.88
183,501395.77,2494237.50,15181,15201,.09,501424.37,2494264.21,501468.51,2494174.61
184,509842.36,2495377.96,21409,21411,.12,509738.51,2495342.46,509739.34,2495635.45
185,500408.40,2493530.39,14797,14740,.59,500610.35,2493218.56,500375.16,2493175.69
186,492432.43,2487351.60,10778,11057,.53,492393.14,2487649.83,492631.36,2487564.10
187,512330.25,2497098.44,23417,23494,.87,512267.18,2497022.48,512356.59,2497044.58
188,512615.34,2495356.88,23735,23802,.04,512624.33,2495371.35,512697.78,2495284.69
189,510301.51,2496068.35,21755,21734,.91,510346.07,2495992.96,510298.91,2495992.03
190,492651.78,2490408.48,10942,10970,.20,492537.75,2490367.47,492558.41,2490609.28
191,510965.49,2495459.80,22151,22298,.49,510878.07,2495657.41,511041.81,2495672.68
192,511879.62,2493772.15,23044,23065,.42,511938.52,2493834.87,511962.52,2493723.74
193,513473.20,2494355.42,24326,24325,.86,513342.52,2494240.83,513340.33,2494370.60
194,514440.10,2494812.70,25117,25065,.99,514576.36,2494729.62,514449.14,2494716.21
195,492225.39,2490721.44,10537,10549,.32,492149.14,2490707.05,492162.23,2490787.20
196,504882.83,2503960.40,18388,18138,.42,505052.15,2503691.08,504735.40,2503562.99
197,510580.64,2494578.14,22103,22090,1.00,510814.03,2494830.18,510801.00,2494630.40
198,485178.12,2524615.12,5320,5317,.88,485552.71,2524633.99,485551.34,2524597.02
199,517127.76,2496508.87,25642,25649,.38,517088.93,2496577.85,517185.25,2496579.71
200,510805.17,2495723.46,22113,22031,.15,510823.27,2495672.17,510709.79,2495670.04
201,494299.10,2492105.17,12561,12565,.45,494357.89,2492190.22,494360.09,2492002.85
202,491980.67,2494156.86,10419,10399,.63,492026.76,2494268.42,492011.67,2494088.85
203,511757.88,2500704.47,22751,22729,.21,511661.73,2500663.59,511626.82,2500778.24
204,504627.19,2492259.10,18036,17967,.05,504629.66,2492261.18,504577.28,2492244.45
205,506538.25,2506697.54,19910,19907,.78,506644.56,2506633.39,506634.30,2506619.89
206,511056.25,2495924.10,22271,22245,.27,511021.07,2495861.11,510997.42,2496076.12
207,503490.28,2496477.68,16615,16641,.81,503388.93,2496308.41,503423.97,2496530.89
208,512021.28,2495640.85,23014,23229,.68,511909.57,2495674.71,512070.29,2495683.41
209,508239.89,2495987.88,20615,20656,.99,508045.42,2495743.51,508127.33,2496024.53
210,504276.15,2494194.06,17605,17513,.36,504321.09,2494094.18,504208.12,2494090.65
211,511013.84,2495256.00,22456,22453,.06,511297.19,2495223.71,511295.16,2495184.73
212,489046.15,2498818.56,7801,7817,.47,489036.55,2498867.48,489058.92,2498765.16
213,504789.71,2500134.73,18349,18074,.85,505009.96,2499719.13,504683.48,2500159.96
214,513727.20,2501997.69,24433,24525,.94,513510.18,2501865.61,513666.00,2502063.29
215,490685.57,2487538.88,8976,9052,.92,490562.32,2487341.67,490634.71,2487584.76
216,510232.15,2495727.18,21664,21661,.24,510225.61,2495708.49,510224.93,2495784.01
217,506485.51,2505555.83,19532,19526,.69,506302.93,2505414.30,506299.34,2505612.26
218,505136.66,2491050.43,18502,18496,.52,505201.76,2491042.98,505197.86,2491027.26
219,506647.42,2493547.92,19789,19799,.11,506481.73,2493538.50,506487.72,2493684.00
220,491779.14,2491497.61,10184,10266,.61,491811.54,2491384.88,491880.48,2491474.46
221,488092.39,2496846.48,7027,6879,.72,488188.44,2496713.96,488032.23,2496875.66
222,501338.97,2506599.55,15205,15087,.44,501474.79,2506498.97,501267.63,2506797.64
223,515831.04,2509324.65,25539,25481,.73,516224.05,2509527.51,515806.78,2509129.89
224,519312.96,2504855.86,25804,25834,.68,519080.35,2504850.56,519342.12,2504995.98
225,500960.78,2493611.50,14841,15225,.17,500774.68,2493782.55,501506.94,2492585.28
226,499202.29,2492899.51,14486,14495,.28,499258.57,2492947.03,499277.86,2492809.22
227,504429.69,2493031.56,17794,17830,.91,504498.83,2493327.56,504519.18,2493001.97
228,512940.12,2496245.83,23925,23945,.39,512835.70,2496171.92,512844.01,2496334.93
229,492964.17,2489567.89,11288,11291,1.00,492813.73,2489496.54,492816.72,2489504.95
230,510827.42,2495301.46,22044,22039,.89,510721.92,2495148.74,510716.85,2495315.27
231,492942.44,2489054.28,11276,11266,.51,492804.17,2488982.30,492787.96,2489074.91
232,491402.11,2493879.71,9635,9754,.56,491337.57,2493960.82,491459.94,2493952.00
233,508764.16,2494750.94,20911,20908,.13,508645.57,2494725.23,508639.91,2494888.44
234,492427.68,2490714.99,10747,10860,.57,492361.42,2490599.25,492489.01,2490607.42
235,504446.18,2511981.50,17691,17612,.08,504423.30,2511950.49,504329.27,2512143.09
236,507857.16,2493514.92,20519,20599,.18,507815.23,2493600.28,507987.82,2493620.39
237,504474.65,2492574.72,17988,17752,.81,504585.59,2492563.79,504470.73,2492605.65
238,492527.37,2491418.34,11004,10980,.78,492585.12,2491536.29,492563.37,2491379.54
239,486185.69,2497470.31,5835,5740,.96,486491.27,2497581.09,486334.98,2497354.93
240,504463.94,2505787.23,17741,17851,.18,504462.39,2505822.84,504536.70,2505789.70
241,509287.73,2494520.73,21241,21249,.48,509368.86,2494634.45,509377.66,2494407.45
242,504251.56,2494427.25,17387,17384,.62,504101.22,2494388.29,504101.00,2494449.86
243,514977.56,2494868.12,25149,25158,.64,514725.23,2494760.37,514756.56,2494979.26
244,512921.65,2495275.70,23971,23868,.92,512869.01,2495118.08,512808.76,2495190.36
245,479113.56,2519152.53,1406,458,.49,480185.89,2519064.35,478448.04,2518741.68
246,495006.48,2498235.58,12888,12949,.59,494835.89,2498031.02,494949.75,2498416.48
247,504479.72,2500553.24,17795,17753,.69,504498.89,2500706.62,504470.84,2500484.79
248,490831.08,2492887.95,9201,9199,.14,490788.74,2492861.78,490787.39,2493034.52
249,511928.61,2493930.97,23101,23030,.94,511988.50,2493952.11,511926.28,2493927.64
250,489529.71,2498025.54,8059,8269,.51,489380.67,2498190.19,489674.06,2497878.50
251,506233.42,2496185.13,19488,19443,.63,506261.70,2496092.38,506221.82,2496091.10
252,512553.41,2494483.38,23336,23753,.79,512166.74,2494471.55,512639.08,2494538.25
253,500668.21,2506550.39,14826,14783,.89,500710.34,2506278.79,500551.82,2506482.57
254,512643.63,2497234.63,23776,23785,.01,512670.16,2497142.88,512680.88,2497146.00
255,510893.49,2495225.01,22044,22039,.42,510721.92,2495148.74,510716.85,2495315.27
256,501164.51,2494096.94,15029,15052,.81,501161.68,2494183.08,501197.20,2494088.62
257,491990.99,2490787.02,10272,10346,.51,491889.15,2490669.41,491971.96,2490935.92
258,512864.89,2495301.53,23861,23832,.21,512786.47,2495217.11,512744.58,2495267.07
259,504965.94,2494339.29,18257,18254,.68,504918.00,2494193.35,504914.43,2494405.74
260,512699.98,2510842.52,23906,23975,.93,512827.51,2511020.79,512871.22,2510959.77
261,511037.94,2494200.96,22359,22228,.42,511105.00,2494155.11,510970.71,2494131.01
262,491403.33,2493430.87,9553,9739,.87,491227.79,2493481.07,491433.26,2493446.22
263,488532.02,2499256.30,7277,7263,.89,488437.05,2499153.86,488412.07,2499212.99
264,497070.72,2499899.22,13741,13814,.73,496861.00,2499804.55,497142.42,2499941.61
265,483311.50,2517179.22,4258,1763,.29,483982.45,2515959.66,480759.08,2519392.64
266,513017.89,2495880.13,24165,24035,.48,513124.74,2495893.08,512951.48,2495789.16
267,492561.70,2491006.22,10969,10973,.59,492557.79,2490847.58,492558.94,2491114.45
268,504891.00,2505186.92,18141,18147,.34,504737.69,2505151.58,504742.37,2505272.03
269,504107.79,2492018.70,17273,17264,.25,503997.97,2491982.99,503987.98,2492075.58
270,509817.16,2498247.75,21537,21643,.56,510025.39,2498983.94,510213.96,2497986.59
271,505961.50,2492108.45,19384,19124,.64,506139.63,2492039.57,505866.64,2492036.81
272,502889.21,2495572.13,16247,16143,.20,502901.97,2495538.30,502784.53,2495633.17
273,504674.99,2492505.01,18030,18176,.35,504613.13,2492518.33,504777.55,2492617.68
274,497115.58,2493690.41,13821,13802,.46,497183.29,2493645.30,497096.77,2493599.74
275,502712.57,2493274.61,16012,16096,.88,502607.10,2493270.89,502723.70,2493290.07
276,492114.84,2488347.96,10570,10506,.87,492187.23,2488304.89,492113.93,2488364.82
277,509406.17,2495549.79,21236,21233,.64,509363.55,2495497.03,509360.61,2495576.75
278,510898.54,2497328.74,22131,22181,.38,510850.63,2497336.45,510927.20,2497387.48
279,519803.23,2505892.81,25875,25871,.34,519860.21,2505920.30,519833.17,2505803.08
280,511804.64,2501284.90,22695,23248,.43,511584.17,2501302.34,512087.33,2501350.82
281,489019.57,2497200.06,7786,7833,.31,489007.58,2497234.29,489080.72,2497156.30
282,488902.84,2497076.81,7580,7669,.85,488777.08,2497044.62,488873.80,2497135.15
283,538808.61,2516115.39,30984,30990,.82,538860.94,2516237.66,538871.37,2516095.08
284,492224.74,2490185.05,12260,8867,.50,493987.92,2489920.66,490434.38,2490087.65
285,504288.41,2496867.26,17429,17615,.61,504127.30,2496901.33,504331.40,2496974.43
286,503847.85,2496506.40,17288,17020,.66,504017.17,2496470.40,503770.67,2496448.58
287,508783.29,2494295.07,20966,20980,.88,508733.65,2494387.30,508786.33,2494389.08
288,513357.03,2495469.91,24228,24344,.30,513215.43,2495455.46,513359.72,2495695.19
289,504989.74,2491675.40,18641,18569,.66,505288.34,2491918.07,505258.70,2491520.81
290,486213.84,2498512.32,5707,5696,.26,486272.73,2498457.30,486240.26,2498430.93
291,493952.47,2494122.81,12138,12133,.04,493895.32,2494114.12,493893.22,2494286.20
292,491595.88,2487984.45,10058,10036,.50,491711.10,2488037.95,491691.29,2487901.99
293,531384.27,2519730.45,29531,29587,.66,531268.54,2519729.26,531334.20,2519813.18
294,524968.72,2510160.65,27392,27520,.82,524669.15,2510040.39,525046.41,2510128.52
295,495187.73,2494307.43,13156,13146,.78,495323.84,2494374.97,495296.30,2494254.79
296,486902.48,2498274.20,6061,6228,.18,486885.23,2498087.87,487113.41,2498092.56
297,535794.18,2510416.52,30428,30462,.95,535554.54,2510815.33,535845.60,2510419.35
298,509173.07,2494123.70,21120,21114,.47,509059.88,2494033.93,509047.21,2494204.90
299,510624.47,2497337.70,22117,21905,.60,510831.43,2497387.58,510554.38,2497208.53
300,516578.71,2501663.43,25547,25540,8.61695390780666e-03,516300.03,2501523.93,516225.78,2501730.31
301,493547.39,2493327.00,11857,11942,.48,493498.22,2493199.10,493567.49,2493523.82
302,512671.58,2494183.54,23841,23688,.49,512756.48,2494174.19,512584.57,2494167.41
303,501824.19,2506739.36,15418,15386,.88,501762.91,2506576.94,501700.35,2506654.62
304,511141.82,2493316.38,22468,22248,.55,511323.81,2493358.61,510998.77,2493276.20
305,511188.50,2495096.34,22457,22460,.66,511297.87,2495149.74,511303.28,2495083.76
306,484636.50,2512826.86,4670,4671,.83,484577.96,2512747.78,484580.01,2512843.66
307,498767.08,2493867.81,14320,14333,.77,498732.50,2493756.35,498787.19,2493760.26
308,510942.79,2494332.06,22294,22196,.90,511037.48,2494358.54,510937.60,2494318.32
309,511968.86,2493821.72,23074,23051,.71,511970.35,2493725.97,511942.83,2493853.92
310,510821.13,2494781.79,22094,22100,.61,510809.24,2494630.86,510811.32,2494876.24
311,548628.65,2499524.95,31699,31678,.53,548708.15,2499613.13,548527.36,2499493.75
312,510679.42,2510681.70,22138,22101,.33,510859.35,2510607.73,510812.70,2510530.62
313,491595.88,2487984.45,10058,10036,.50,491711.10,2488037.95,491691.29,2487901.99
314,503984.93,2491688.59,17115,17483,.37,503870.39,2491761.36,504179.38,2491574.66
315,527797.30,2515249.73,28573,28578,.00,527754.52,2515199.61,527768.73,2515181.24
316,522098.85,2514827.60,26413,26272,.63,522432.33,2514783.29,521938.94,2514687.03
317,490967.82,2490858.58,9278,9367,.17,490886.25,2490892.59,491022.12,2491030.17
318,523654.63,2514364.44,26892,26936,.96,523559.85,2514281.32,523658.66,2514366.34
319,496733.04,2493896.49,13706,13685,.98,496769.78,2493636.88,496641.60,2493692.65
320,491070.41,2488034.51,9343,9421,.37,490980.38,2488150.87,491099.97,2488192.34
321,514097.91,2500667.80,24882,24903,.00,514181.19,2500655.32,514197.35,2500775.83
322,505876.71,2490785.11,18962,19130,.96,505705.44,2490721.30,505870.68,2490810.77
323,506268.38,2491959.39,19491,19599,.04,506262.77,2492034.33,506361.25,2492035.55
324,491852.27,2489050.67,10121,10119,.20,491761.26,2489040.26,491760.87,2489087.88
325,493178.24,2510907.49,11520,11439,.47,493071.60,2510516.71,492978.81,2510552.12
326,505081.72,2500447.05,18226,18398,.70,504874.66,2500707.68,505086.37,2500734.99
327,524036.81,2515040.91,27190,27118,.93,524237.40,2514898.93,524029.28,2514890.10
328,512108.72,2495127.24,23360,23182,.14,512203.27,2495128.46,512048.53,2494852.02
329,512508.81,2494259.36,23665,23636,.46,512570.91,2494231.17,512552.70,2494316.83
330,539925.07,2512746.87,31167,31139,.58,540157.10,2512688.89,539776.35,2512637.10
331,506053.57,2491879.81,19387,19416,.52,506140.66,2492034.03,506195.25,2491789.69
332,480542.55,2513836.16,1767,1703,.13,480765.91,2513772.04,480676.77,2513571.36
333,503524.97,2495126.51,16723,16822,.08,503495.82,2495141.08,503600.10,2495233.18
334,503899.42,2491425.54,17124,17030,.60,503883.90,2491230.25,503780.16,2491279.65
335,502136.25,2504826.92,15615,15739,.17,502119.90,2504874.62,502277.45,2504829.45
336,512550.97,2495024.32,23815,23855,.95,512725.41,2495270.80,512776.38,2495210.45
337,506827.51,2495597.65,19949,20059,.71,506700.39,2495593.88,506878.02,2495595.50
338,512405.54,2495307.19,23483,23530,.12,512346.74,2495332.04,512405.61,2495411.22
339,506101.17,2491195.28,19601,19400,.99,506362.41,2491326.86,506158.35,2491124.45
340,550379.52,2493230.55,31910,31925,.45,550309.88,2493358.30,550408.10,2493375.99
341,488335.49,2495963.03,7200,7157,.32,488349.99,2495974.04,488309.29,2495936.40
342,501891.13,2505874.31,15506,15474,.33,501909.28,2505832.49,501845.06,2505952.48
343,510897.79,2494056.68,22190,22198,.12,510932.44,2494068.51,510939.08,2494006.28
344,501856.41,2494127.68,15540,15447,.65,501962.76,2494106.49,501809.64,2494080.81
345,489484.11,2497197.00,8109,8165,1.00,489453.51,2497333.67,489533.62,2497246.58
346,517547.43,2496597.42,25683,25674,.42,517574.33,2496595.78,517510.70,2496594.47
347,512140.82,2494929.35,23215,23317,.61,512062.13,2494852.26,512146.71,2495003.01
348,510952.57,2495248.31,22044,22039,.55,510721.92,2495148.74,510716.85,2495315.27
349,513543.31,2501421.04,24421,24479,.65,513485.64,2501449.46,513578.61,2501423.11
350,504362.87,2492987.06,17830,17833,.15,504519.18,2493001.97,504520.54,2492924.46
351,511771.78,2494170.37,22795,22797,.78,511700.45,2494156.47,511700.64,2494175.07
352,517534.22,2497050.83,25683,25674,.48,517574.33,2496595.78,517510.70,2496594.47
353,491845.00,2492716.58,10091,10127,.57,491742.62,2492652.89,491763.26,2492794.37
354,489367.26,2495888.37,8097,8040,.22,489433.23,2495860.34,489346.52,2495775.36
355,511341.47,2497317.21,22358,22540,.22,511102.22,2497181.77,511427.50,2498173.47
356,510988.13,2494549.88,22160,22112,.68,510897.63,2494333.55,510821.84,2494588.13
357,511765.15,2493967.50,22788,22794,.46,511696.56,2493872.10,511699.27,2494078.29
358,508911.63,2494089.70,21121,21017,.72,509059.92,2493978.35,508860.89,2493971.64
359,506755.00,2493416.65,20054,19988,1.00,506866.57,2493449.12,506761.72,2493409.35
360,517036.49,2496113.71,25630,25647,.39,516944.05,2496124.52,517175.68,2496128.57
361,494023.23,2494500.54,12133,12129,.98,493893.22,2494286.20,493890.63,2494501.25
362,501809.24,2506339.49,15470,15368,.05,501841.30,2506315.20,501681.77,2506191.88
363,514328.14,2496178.66,24974,25037,.52,514285.29,2496283.92,514413.71,2496119.94
364,492228.84,2497907.99,10650,10716,.63,492272.34,2498383.52,492321.34,2497651.53
365,512196.48,2493547.81,23376,23407,.71,512220.84,2493620.13,512256.76,2493561.73
366,490007.40,2496425.53,8457,8402,.65,489926.62,2496259.01,489856.18,2496336.14
367,492450.27,2493229.73,10864,10853,.65,492491.55,2493406.53,492486.60,2493131.92
368,481631.84,2514240.54,2415,2326,.45,481639.72,2514401.55,481525.93,2514073.54
369,511503.06,2501540.98,22654,22702,.10,511551.62,2501572.89,511593.72,2501459.80
370,512300.43,2497168.26,23417,23494,.76,512267.18,2497022.48,512356.59,2497044.58
371,493052.76,2491454.33,11442,11478,.98,492981.90,2491255.99,493028.44,2491464.07
372,509442.17,2496054.65,21318,21290,.92,509554.65,2495979.69,509434.65,2495977.85
373,505217.70,2496142.04,18829,18532,.97,505551.90,2496081.57,505233.24,2496076.76
374,497297.86,2494707.63,13815,13885,.70,497156.86,2494877.15,497369.86,2494512.16
375,503917.57,2491671.76,17115,17483,.24,503870.39,2491761.36,504179.38,2491574.66
376,490607.37,2493794.41,9132,9163,.56,490718.81,2494049.12,490757.26,2493615.46
377,513735.71,2494229.54,24520,24593,.47,513656.75,2494227.63,513775.03,2494305.21
378,516218.67,2495991.83,25544,25533,.65,516244.15,2496003.20,516205.38,2495999.10
379,512950.49,2497412.13,23869,24087,.99,512809.86,2497186.58,513006.96,2497342.02
380,514248.44,2503311.55,25003,24871,.35,514341.62,2503288.71,514171.27,2503192.60
381,515203.39,2495446.45,25348,25176,.36,515453.20,2495405.33,514819.72,2495327.12
382,481603.57,2514889.11,2233,2256,1.00,481440.69,2514916.63,481466.69,2514951.63
383,502390.56,2492264.22,15811,15835,.57,502357.88,2492284.51,502409.62,2492242.73
384,502705.48,2492334.34,16059,16084,.70,502675.95,2492489.60,502699.93,2492263.87
385,485432.65,2498725.32,5286,5229,.41,485529.38,2498722.69,485438.17,2498611.92
386,489056.39,2496029.04,7835,7765,.16,489081.74,2496037.73,488974.82,2495940.12
387,509342.62,2495426.89,21226,21228,.72,509351.50,2495496.58,509354.97,2495400.91
388,506466.24,2506228.44,19619,19794,.41,506387.82,2506152.47,506483.44,2506373.36
389,519815.75,2505542.34,25883,25878,.58,519895.61,2505499.46,519875.90,2505596.17
390,486949.02,2497360.59,6134,6077,.73,487001.74,2497303.51,486917.62,2497363.28
391,486723.26,2498425.74,5838,5888,.89,486497.34,2498583.60,486584.14,2498644.08
392,492318.58,2494496.98,10608,10841,.36,492225.12,2494619.31,492475.94,2494623.27
393,497171.65,2494956.15,13881,13816,.84,497351.35,2495114.81,497160.36,2494909.69
394,510787.67,2502920.72,22088,22216,.09,510797.51,2502968.44,510956.32,2502858.15
395,527595.24,2513493.29,28517,28525,.79,527519.05,2513611.16,527537.51,2513620.26
396,480132.44,2508034.68,1324,1226,.17,480080.07,2507928.61,479887.62,2508109.85
397,485171.16,2502611.81,5063,5088,.56,485150.64,2502588.92,485187.25,2502629.68
398,550745.02,2500040.54,31908,31961,.85,550308.39,2500055.84,550786.52,2500138.69
399,514055.72,2497097.64,24734,24840,.53,513995.76,2497178.96,514144.29,2497090.31
400,496507.15,2511507.58,13432,13392,.73,496076.76,2511051.49,495945.98,2511316.04
401,491357.36,2493554.47,9738,9554,.44,491432.96,2493455.08,491229.34,2493489.70
402,508511.99,2494564.73,20872,20766,.34,508571.97,2494623.57,508393.78,2494619.80
403,505473.09,2496773.93,18846,18741,.61,505566.88,2496613.71,505405.80,2496612.18
404,511834.82,2502121.96,22950,23000,.79,511862.85,2502532.92,511900.35,2502025.00
405,493466.77,2496267.31,11665,11897,.75,493238.10,2496318.06,493539.63,2496323.58
406,513554.60,2494958.01,24300,24440,.74,513310.25,2494798.61,513516.23,2494779.17
407,514108.38,2497047.69,24840,24854,.35,514144.29,2497090.31,514162.32,2496990.49
408,491864.35,2488219.91,10162,10361,.46,491791.88,2488312.89,491989.95,2488247.66
409,502697.56,2492312.78,16059,16084,.79,502675.95,2492489.60,502699.93,2492263.87
410,514130.54,2495257.69,24868,24960,.11,514169.94,2495320.94,514273.59,2495185.02
411,485228.81,2502281.69,5111,5077,.61,485227.63,2502158.48,485170.40,2502340.47
412,504077.40,2491726.47,17448,17129,.38,504149.58,2491616.80,503888.05,2491766.19
413,511559.59,2500627.20,22655,22715,5.60412111849087e-03,511552.59,2500629.53,511606.66,2500749.87
414,508800.55,2497414.99,20890,21085,.33,508596.24,2497293.68,509001.68,2497135.20
415,512181.90,2499348.26,23449,23469,.83,512305.64,2499742.42,512329.01,2499282.52
416,501191.77,2494976.82,15179,15006,.82,501418.35,2494738.82,501118.07,2494975.59
417,508378.64,2493217.06,20801,20736,.36,508415.41,2493221.27,508363.74,2493257.59
418,501926.53,2507438.02,15505,15449,.86,501908.61,2507240.14,501811.37,2507394.54
419,490614.65,2488404.31,9250,9161,.20,490853.91,2488347.26,490754.29,2488131.67
420,490548.17,2494005.63,8783,8991,.90,490286.21,2494098.78,490576.96,2494082.96
421,489856.45,2490842.03,8430,8417,.63,489901.45,2490816.59,489887.75,2490802.21
422,508127.04,2493397.67,20589,20598,.78,507967.87,2493253.88,507987.09,2493455.62
423,511038.18,2495325.77,22151,22298,.62,510878.07,2495657.41,511041.81,2495672.68
424,512965.96,2501671.06,24075,24366,.02,512990.02,2501700.32,513392.03,2501716.96
425,490767.14,2487875.48,9255,9167,.95,490860.35,2488068.19,490760.83,2487867.44
426,513853.60,2497220.70,24623,24734,.28,513823.10,2497282.38,513995.76,2497178.96
427,480034.11,2515347.66,1333,1294,.72,480094.36,2515269.48,480033.27,2515258.15
428,511464.25,2503818.85,22479,22485,1.00,511331.81,2503721.64,511339.22,2503725.41
429,502900.20,2493271.66,16232,16237,.90,502883.84,2493318.21,502891.85,2493319.74
430,513826.84,2498799.85,24595,24530,.14,513776.39,2498700.45,513671.20,2498757.32
431,484925.96,2519335.78,5001,5012,.04,485073.83,2519355.38,485086.26,2519222.10
432,513507.19,2511366.49,24415,24437,.32,513473.60,2511384.73,513513.32,2511414.50
433,541328.19,2502106.24,31286,31276,.69,541558.78,2501978.00,541219.14,2502023.28
434,489945.90,2513472.38,8481,8463,.57,489950.37,2513585.33,489932.26,2513390.50
435,502265.81,2503853.63,15166,15580,.96,501405.73,2503512.00,502054.22,2504056.05
436,506714.51,2493049.18,19825,19819,.17,506499.35,2493025.80,506496.22,2493115.27
437,502886.17,2507061.89,16276,16179,.68,502970.61,2506960.22,502831.91,2507091.22
438,493610.33,2503128.48,11708,11640,.15,493262.65,2503041.61,493218.41,2503364.79
439,512939.77,2495274.21,24138,24045,.27,513084.70,2495264.05,512955.85,2495056.92
440,491760.40,2487990.98,10048,10062,.70,491699.52,2487901.31,491719.33,2488037.27
441,514073.57,2498102.87,24828,24754,.34,514123.50,2498102.97,514043.79,2498031.68
442,511801.37,2494118.82,22940,22959,.07,511858.72,2494138.58,511870.71,2494095.86
443,489912.17,2490840.36,8508,8430,.74,489968.50,2490886.52,489901.45,2490816.59
444,525799.39,2514490.35,27826,27914,.07,525733.11,2514529.29,525918.37,2514712.22
445,496110.99,2495819.04,13593,13489,.95,496425.59,2495779.70,496129.18,2495777.07
446,512315.32,2500999.04,23516,23332,.30,512387.54,2501033.84,512164.55,2500899.22
447,505541.60,2492126.81,18854,18785,.37,505575.60,2492032.35,505487.33,2492031.15
448,509209.44,2494098.35,21180,21128,.05,509221.49,2493983.28,509064.03,2493978.57
449,482981.56,2518169.33,3362,3367,.34,482829.03,2518094.01,482830.82,2518317.19
450,502895.84,2493419.56,16236,16224,.75,502890.41,2493327.72,502869.64,2493445.15
451,493014.79,2491802.49,11513,11509,.16,493067.42,2491806.38,493065.15,2491765.85
452,503505.53,2496762.21,16825,16681,.37,503602.34,2496679.28,503461.11,2496605.43
453,483008.62,2509251.56,3044,3515,.84,482373.97,2507096.48,483006.37,2509718.54
454,510280.48,2496094.09,21657,21655,.59,510223.34,2495990.41,510221.88,2496164.03
455,488238.53,2496453.02,7024,7119,.18,488184.56,2496478.11,488280.69,2496562.91
456,511037.94,2494200.96,22359,22228,.42,511105.00,2494155.11,510970.71,2494131.01
457,482451.07,2514039.11,2995,3002,.78,482319.32,2514567.09,482323.00,2513889.55
458,504918.96,2500760.93,18397,18225,.76,505084.11,2500746.73,504873.73,2500719.64
459,479904.71,2517781.41,1264,1316,.52,479976.04,2518064.32,480060.83,2518026.96
460,491615.74,2489669.92,9786,9826,.71,491495.03,2489612.08,491541.58,2489738.03
461,510807.26,2495145.55,22047,22044,.92,510724.25,2495068.14,510721.92,2495148.74
462,502880.26,2492306.86,16059,16436,.43,502675.95,2492489.60,503195.01,2492140.56
463,505976.50,2492632.40,19163,19290,.26,505922.08,2492640.23,506021.43,2492489.07
464,508502.82,2494402.38,20767,20852,.89,508395.15,2494382.62,508516.14,2494382.84
465,495171.49,2498580.19,13107,13042,.30,495201.06,2498471.36,495110.93,2498469.84
466,493691.81,2494349.41,12017,11965,.37,493730.50,2494287.26,493630.74,2494285.28
467,491417.29,2487863.75,10034,10047,.00,491689.74,2487891.14,491697.97,2487890.46
468,489817.27,2496325.04,8400,8242,.04,489853.20,2496339.24,489651.23,2496558.21
469,509964.23,2496307.40,21497,21554,.04,509958.52,2496334.75,510081.43,2496334.42
470,514158.83,2496010.85,24794,24859,.34,514095.05,2495994.42,514165.66,2496110.65
471,503847.95,2496859.17,17209,17055,.53,503954.43,2496834.16,503805.99,2496768.72
472,499730.01,2506757.00,14588,14641,.86,499699.42,2507191.71,499969.88,2506842.95
473,514312.00,2494507.75,24958,24969,.00,514270.58,2494682.96,514280.26,2494694.06
474,484020.50,2519510.24,4245,4340,.62,483967.64,2519602.33,484073.87,2519584.04
475,502790.44,2506395.52,16089,16156,.04,502711.34,2506481.94,502800.96,2506556.32
476,509534.51,2494747.04,21325,21326,.21,509565.56,2494786.04,509568.15,2494609.76
477,509242.41,2494531.60,21219,21158,.49,509341.28,2494634.21,509138.73,2494631.13
478,506770.95,2494460.39,20179,19812,.42,506977.50,2494455.35,506494.76,2494442.93
479,488215.79,2496769.36,7027,6879,.09,488188.44,2496713.96,488032.23,2496875.66
480,506482.91,2496389.58,19719,19708,.25,506444.94,2496298.58,506440.66,2496651.58
481,512982.23,2494895.10,24048,24024,.54,512956.95,2494745.55,512947.43,2495020.14
482,491803.45,2490168.15,10032,10135,.27,491689.18,2490143.75,491767.03,2490355.35
483,527866.34,2515179.66,28593,28587,.00,527795.59,2515145.84,527782.56,2515139.63
484,508304.31,2494363.01,20705,20757,.31,508265.33,2494380.07,508387.13,2494382.62
485,481493.19,2508933.10,2296,2365,.51,481498.47,2508843.26,481572.00,2508891.60
486,524758.47,2517681.18,27550,27512,.56,525155.58,2517478.54,525034.95,2517219.07
487,508128.44,2504146.76,20654,20583,.75,508122.55,2503433.28,507964.83,2503461.88
488,512861.62,2502085.54,24082,23765,.19,512997.98,2502009.47,512659.94,2501936.56
489,491782.92,2488114.86,10062,10096,.93,491719.33,2488037.27,491747.25,2488132.01
490,502151.63,2507532.78,15633,15781,.75,502140.76,2507269.37,502319.57,2507410.14
491,514519.29,2494813.39,25117,25065,.37,514576.36,2494729.62,514449.14,2494716.21
492,482739.24,2519729.11,3206,3301,.42,482645.99,2519859.60,482760.53,2519894.68
493,503798.35,2495790.41,17027,16927,.67,503775.95,2495629.40,503678.19,2495709.57
494,505272.19,2496854.04,18516,18732,.25,505218.26,2497042.10,505394.73,2497045.81
495,523712.48,2494733.49,26895,26907,.56,523571.28,2494644.96,523602.30,2494827.74
496,505744.27,2493562.57,19021,18797,.02,505749.84,2493558.21,505502.21,2493554.80
497,512618.28,2496802.46,23597,23810,.46,512504.64,2496831.39,512714.70,2496890.07
498,491281.46,2492525.49,9685,9672,.21,491378.08,2492517.92,491363.73,2492615.39
499,524601.78,2509730.32,27211,27237,1.00,524319.30,2509517.83,524397.40,2509564.48
500,511750.74,2493960.90,22788,22794,.43,511696.56,2493872.10,511699.27,2494078.29
501,494476.83,2518310.40,12665,12638,.80,494512.95,2518754.19,494479.76,2518201.19
502,491087.17,2493629.07,9458,9348,.52,491156.01,2493500.21,490985.17,2493530.79
503,487816.41,2498755.17,6607,6543,.21,487722.42,2498635.14,487651.00,2498709.99
504,513596.73,2500770.05,24113,24183,1.00,513048.21,2500702.62,513156.34,2500761.32
505,490608.52,2491733.17,9117,9043,.88,490699.37,2491974.92,490630.28,2491690.19
506,511052.07,2503698.12,22281,22376,.69,511031.12,2503567.53,511130.32,2503617.27
507,506689.27,2494492.41,20179,19812,.59,506977.50,2494455.35,506494.76,2494442.93
508,505245.57,2493211.60,18597,18603,.90,505272.99,2493279.00,505273.23,2493204.36
509,495111.77,2498980.78,12988,12994,.86,494996.94,2498698.25,495001.02,2498976.83
510,492080.23,2493887.27,10177,10517,.84,491801.43,2493924.66,492134.23,2493907.70
511,529126.95,2510329.32,28914,28974,.29,529030.37,2510341.77,529353.65,2510349.45
512,542979.09,2504126.99,31406,31416,.47,542947.93,2504113.29,542992.36,2504091.53
513,512985.13,2495106.51,24138,24045,.76,513084.70,2495264.05,512955.85,2495056.92
514,492449.44,2491270.88,10802,10937,.23,492417.15,2491333.97,492535.39,2491341.72
515,492200.55,2492557.97,10704,10589,.71,492312.39,2492742.03,492210.69,2492469.15
516,530489.71,2500672.57,29537,29282,.95,531280.00,2500956.38,530496.37,2500616.54
517,506165.31,2491674.03,19417,19464,.51,506196.07,2491785.92,506242.63,2491593.64
518,483182.89,2518679.47,3537,3830,.81,483026.00,2518749.11,483219.84,2518705.00
519,503836.76,2496441.02,17031,17279,.25,503780.84,2496440.81,504000.55,2496448.29
520,504874.09,2496735.87,18242,18208,.59,504909.06,2496630.29,504837.79,2496635.51
521,501876.17,2495808.19,15391,15600,.43,501709.39,2495799.84,502085.47,2495834.85
522,517426.10,2496115.44,25668,25673,.58,517329.99,2496100.05,517494.89,2496104.33
523,487363.26,2498794.54,6292,6414,.52,487225.14,2498715.96,487446.42,2498912.84
524,512559.51,2499446.75,23775,23471,.28,512669.06,2499315.54,512329.94,2499272.56
525,496074.89,2496050.63,13678,11697,.16,496614.65,2495921.94,493255.71,2496408.15
526,509179.44,2494297.79,21163,21171,.49,509155.97,2494396.50,509192.61,2494398.51
527,505681.90,2497239.28,19278,18839,.74,506016.69,2497048.03,505561.56,2497055.07
528,486835.36,2496193.98,5977,5971,.25,486723.74,2496088.10,486715.09,2496097.62
529,488768.63,2498399.22,7635,7530,.90,488845.82,2498548.69,488714.14,2498510.88
530,531555.05,2500498.75,29717,29661,.66,531696.71,2500452.85,531545.08,2500391.50
531,497875.05,2493527.13,14041,14085,.18,497847.05,2493549.89,498005.49,2493545.38
532,512333.69,2495036.64,23317,23367,.89,512146.71,2495003.01,512212.55,2495120.73
533,482554.04,2519683.04,3059,3139,.82,482393.44,2519788.97,482535.17,2519832.05
534,512523.88,2495034.02,23735,23802,1.00,512624.33,2495371.35,512697.78,2495284.69
535,494444.07,2492326.98,12571,12570,.89,494365.10,2492255.75,494364.09,2492334.37
536,483966.24,2520475.84,4362,4123,.28,484103.76,2520349.70,483820.14,2520247.84
537,511687.86,2493408.52,22194,22836,.92,510936.77,2493262.61,511741.22,2493435.68
538,497141.33,2493751.97,13821,13802,.01,497183.29,2493645.30,497096.77,2493599.74
539,504927.61,2492541.73,18210,18374,.44,504840.11,2492619.34,505032.63,2492624.09
540,509745.64,2493959.00,21361,21422,.62,509672.96,2493974.68,509788.47,2493975.64
541,492446.57,2493253.21,10864,10853,.55,492491.55,2493406.53,492486.60,2493131.92
542,507489.14,2494375.63,20436,20523,.20,507435.87,2494478.98,507817.98,2494375.62
543,478786.73,2516523.85,570,595,.61,478689.89,2516639.41,478861.18,2516625.51
544,520045.57,2506181.84,25890,25893,.45,519934.27,2506162.78,519982.74,2506282.94
545,539513.48,2513004.61,31115,31126,.04,539510.67,2513023.38,539658.92,2512673.83
546,478969.97,2514018.55,643,662,.59,478931.47,2513876.42,478950.32,2514119.99
547,523780.92,2495459.69,26893,26989,.61,523569.84,2495418.74,523846.59,2495584.54
548,481908.62,2514911.80,2721,2693,.78,481978.66,2515458.88,481928.23,2514761.16
549,500317.88,2493477.25,14740,14718,.04,500375.16,2493175.69,500317.50,2493165.24
550,489885.25,2497058.63,8406,8264,.30,489862.09,2496919.89,489669.08,2497132.87
551,506172.49,2497670.32,18892,19435,.96,505629.51,2498152.05,506216.37,2497661.44
552,488088.40,2496587.15,7074,7011,.99,488230.63,2496530.37,488178.39,2496484.32
553,488931.86,2497542.13,7685,7604,.87,488891.67,2497373.65,488816.68,2497455.84
554,484850.42,2497314.53,4986,4916,.21,485064.98,2497155.86,484994.61,2497076.09
555,514725.28,2494571.34,25110,25140,.59,514554.97,2494472.67,514700.73,2494721.32
556,519653.39,2505755.33,25848,25854,.84,519548.48,2505725.59,519671.45,2505767.60
557,491865.54,2490588.73,10182,10272,.60,491809.67,2490471.11,491889.15,2490669.41
558,489744.27,2490826.34,8417,8367,.84,489887.75,2490802.21,489820.80,2490732.06
559,512877.71,2494678.21,24025,23896,.46,512947.75,2494668.46,512824.73,2494619.92
560,513975.88,2495670.19,24716,24666,.41,513974.19,2495610.11,513904.21,2495692.31
561,512173.31,2494387.56,23767,23261,.85,512663.29,2494432.44,512100.70,2494336.11
562,491358.62,2494019.36,9736,9600,.56,491431.89,2493988.14,491296.66,2494004.28
563,502783.81,2492510.29,15968,16177,.88,502564.54,2492631.86,502831.47,2492556.30
564,484697.13,2520008.94,4638,4651,.78,484519.40,2519992.55,484532.53,2520056.88
565,511947.56,2496123.87,22897,22848,.76,511814.41,2495880.50,511758.76,2496150.36
566,505647.66,2496183.30,19116,18883,.86,505854.99,2496083.36,505616.01,2496081.26
567,511212.16,2494858.85,22460,22475,.69,511303.28,2495083.76,511328.66,2494774.42
568,492634.85,2491819.71,11060,11041,.17,492633.36,2491844.48,492621.48,2491703.87
569,481709.33,2509011.67,2531,2557,.64,481763.98,2509173.64,481790.60,2508938.94
570,504136.30,2500948.62,17611,17280,.72,504327.80,2500593.81,504001.74,2501035.40
571,524675.13,2515765.16,27306,27518,.28,524520.84,2515843.38,525044.46,2515863.13
572,502847.82,2492306.75,16059,16436,.39,502675.95,2492489.60,503195.01,2492140.56
573,510510.64,2493866.17,21892,21866,.67,510540.29,2493735.84,510493.02,2493736.67
